<?xml version="1.0" encoding="UTF-8"?>
<root>
  <item name="com.turing.framework.utils.common.MemoryConstants.Unit">
    <annotation name="android.support.annotation.IntDef">
      <val name="value" val="{com.turing.framework.utils.common.MemoryConstants.BYTE, com.turing.framework.utils.common.MemoryConstants.KB, com.turing.framework.utils.common.MemoryConstants.MB, com.turing.framework.utils.common.MemoryConstants.GB}" />
    </annotation>
  </item>
  <item name="com.turing.framework.utils.common.TimeConstants.Unit">
    <annotation name="android.support.annotation.IntDef">
      <val name="value" val="{com.turing.framework.utils.common.TimeConstants.MSEC, com.turing.framework.utils.common.TimeConstants.SEC, com.turing.framework.utils.common.TimeConstants.MIN, com.turing.framework.utils.common.TimeConstants.HOUR, com.turing.framework.utils.common.TimeConstants.DAY}" />
    </annotation>
  </item>
</root>

